split,system,n,accuracy,precision,recall,f1,false_positive_rate,false_negative_rate,roc_auc
train,channel1,188,0.851063829787234,0.7894736842105263,0.9574468085106383,0.8653846153846154,0.2553191489361702,0.0425531914893617,
train,channel2,188,1.0,1.0,1.0,1.0,0.0,0.0,1.0
train,joint_or,188,0.8723404255319149,0.7966101694915254,1.0,0.8867924528301887,0.2553191489361702,0.0,
train,joint_and,188,0.9787234042553191,1.0,0.9574468085106383,0.9782608695652174,0.0,0.0425531914893617,
test,channel1,82,0.8902439024390244,0.8478260869565217,0.9512195121951219,0.896551724137931,0.17073170731707318,0.04878048780487805,
test,channel2,82,1.0,1.0,1.0,1.0,0.0,0.0,1.0
test,joint_or,82,0.9146341463414634,0.8541666666666666,1.0,0.9213483146067416,0.17073170731707318,0.0,
test,joint_and,82,0.975609756097561,1.0,0.9512195121951219,0.975,0.0,0.04878048780487805,
