split,system,n,accuracy,precision,recall,f1,false_positive_rate,false_negative_rate,roc_auc
train,channel1,140,0.7428571428571429,0.7213114754098361,0.9777777777777777,0.8301886792452831,0.68,0.022222222222222223,
train,channel2,140,1.0,1.0,1.0,1.0,0.0,0.0,1.0
train,joint_or,140,0.7571428571428571,0.7258064516129032,1.0,0.8411214953271028,0.68,0.0,
train,joint_and,140,0.9857142857142858,1.0,0.9777777777777777,0.9887640449438202,0.0,0.022222222222222223,
test,channel1,60,0.65,0.6727272727272727,0.925,0.7789473684210526,0.9,0.075,
test,channel2,60,1.0,1.0,1.0,1.0,0.0,0.0,1.0
test,joint_or,60,0.7,0.6896551724137931,1.0,0.8163265306122449,0.9,0.0,
test,joint_and,60,0.95,1.0,0.925,0.961038961038961,0.0,0.075,
